,priority,road_id
0,3,1
1,3,2
2,3,3
3,3,4
4,3,5
5,3,6
6,3,7
7,3,8
8,3,9
9,3,10
10,3,11
11,3,12
12,3,13
13,3,14
14,3,15
15,3,16
16,3,17
17,3,18
18,3,19
19,3,20
20,3,21
21,3,22
22,3,23
23,3,24
24,3,25
25,3,26
26,3,27
27,3,28
28,3,29
29,3,30
30,3,31
31,3,32
32,3,33
33,3,34
34,3,35
35,3,36
36,3,37
37,3,38
38,3,39
39,3,40
40,3,41
41,3,42
42,3,43
43,3,44
44,3,45
45,3,46
46,3,47
47,3,48
48,3,49
49,3,50
50,3,51
51,3,52
52,3,53
53,3,54
54,3,55
55,3,56
56,3,57
57,3,58
58,3,59
59,3,60
60,3,61
61,3,62
62,3,63
63,3,64
64,5,65
65,5,66
66,3,67
67,3,68
68,3,69
69,3,70
70,3,71
71,3,72
72,3,73
73,3,74
74,3,75
75,3,76
76,5,77
77,5,78
78,5,79
79,3,80
80,3,81
81,3,82
82,3,83
83,3,84
84,3,85
85,5,86
86,5,87
87,5,88
88,5,89
89,5,90
90,5,91
91,5,92
92,5,93
93,5,94
94,3,95
95,5,96
96,5,97
97,5,98
98,5,99
99,3,100
100,3,101
101,3,102
102,3,103
103,3,104
104,3,105
105,1,106
106,1,107
107,1,108
108,1,109
109,5,110
110,5,111
111,5,112
112,5,113
113,5,114
114,5,115
115,5,116
116,3,117
117,3,118
118,3,119
119,3,120
120,3,121
121,3,122
122,3,123
123,3,124
124,3,125
125,3,126
126,3,127
127,3,128
128,3,129
129,3,130
130,3,131
131,3,132
132,3,133
133,3,134
134,3,135
135,5,136
136,5,137
137,5,138
138,5,139
139,5,140
140,5,141
141,5,142
142,5,143
143,5,144
144,5,145
145,5,146
146,5,147
147,5,148
148,5,149
149,5,150
150,5,151
151,5,152
152,5,153
153,5,154
154,5,155
155,5,156
156,5,157
157,5,158
158,5,159
159,5,160
160,5,161
161,5,162
162,5,163
163,5,164
164,5,165
165,5,166
166,5,167
167,5,168
168,5,169
169,5,170
170,5,171
171,5,172
172,5,173
173,5,174
174,5,175
175,5,176
176,5,177
177,5,178
178,5,179
179,5,180
180,5,181
181,5,182
182,5,183
183,5,184
184,3,185
185,3,186
186,3,187
187,3,188
188,5,189
189,5,190
190,5,191
191,5,192
192,5,193
193,5,194
194,5,195
195,5,196
196,5,197
197,5,198
198,5,199
199,5,200
200,5,201
201,5,202
202,5,203
203,5,204
204,5,205
205,5,206
206,5,207
207,5,208
208,5,209
209,5,210
210,5,211
211,5,212
212,5,213
213,5,214
214,5,215
215,5,216
216,5,217
217,5,218
218,5,219
219,5,220
220,5,221
221,5,222
222,5,223
223,5,224
224,5,225
225,5,226
226,5,227
227,5,228
228,5,229
229,5,230
230,5,231
231,5,232
232,5,233
233,5,234
234,5,235
235,5,236
236,5,237
237,5,238
238,5,239
239,5,240
240,5,241
241,5,242
242,5,243
243,5,244
244,5,245
245,5,246
246,5,247
247,5,248
248,5,249
249,5,250
250,5,251
251,5,252
252,5,253
253,5,254
254,5,255
255,5,256
256,5,257
257,5,258
258,5,259
259,5,260
260,5,261
261,5,262
262,5,263
263,5,264
264,3,265
265,3,266
266,5,267
267,3,268
268,3,269
269,3,270
270,3,271
271,3,272
272,3,273
273,3,274
274,3,275
275,3,276
276,3,277
277,3,278
278,3,279
279,3,280
280,3,281
281,3,282
282,3,283
283,3,284
284,3,285
285,3,286
286,3,287
287,3,288
288,3,289
289,3,290
290,3,291
291,1,292
292,3,293
293,3,294
294,3,295
295,3,296
296,3,297
297,3,298
298,3,299
299,5,300
300,3,301
301,3,302
302,3,303
303,3,304
304,3,305
305,3,306
306,3,307
307,1,308
308,1,309
309,1,310
310,1,311
311,1,312
312,1,313
313,1,314
314,1,315
315,1,316
316,1,317
317,1,318
318,1,319
319,1,320
320,1,321
321,1,322
322,1,323
323,1,324
324,1,325
325,1,326
326,1,327
327,1,328
328,1,329
329,1,330
330,1,331
331,1,332
332,1,333
333,1,334
334,1,335
335,1,336
336,1,337
337,1,338
338,1,339
339,1,340
340,1,341
341,1,342
342,1,343
343,1,344
344,1,345
345,1,346
346,1,347
347,1,348
348,1,349
349,1,350
350,1,351
351,1,352
352,1,353
353,1,354
354,1,355
355,1,356
356,1,357
357,1,358
358,1,359
359,1,360
360,1,361
361,1,362
362,1,363
363,1,364
364,1,365
365,1,366
366,1,367
367,1,368
368,1,369
369,1,370
370,1,371
371,1,372
372,1,373
373,1,374
374,1,375
375,1,376
376,1,377
377,1,378
378,1,379
379,1,380
380,1,381
381,1,382
382,1,383
383,1,384
384,1,385
385,1,386
386,1,387
387,1,388
388,1,389
389,1,390
390,1,391
391,1,392
392,1,393
393,1,394
394,1,395
395,1,396
396,1,397
397,1,398
398,1,399
399,1,400
400,1,401
401,1,402
402,1,403
403,1,404
404,1,405
405,1,406
406,1,407
407,1,408
408,1,409
409,1,410
410,1,411
411,1,412
412,1,413
413,1,414
414,5,415
415,5,416
416,5,417
417,5,418
418,5,419
419,1,420
420,5,421
421,1,422
422,2,423
423,2,424
424,2,425
425,2,426
426,5,427
427,5,428
428,2,429
429,2,430
430,2,431
431,2,432
432,2,433
433,2,434
434,2,435
435,1,436
436,5,437
437,5,438
438,2,439
439,2,440
440,2,441
441,5,442
442,5,443
443,5,444
444,1,445
445,1,446
446,1,447
447,1,448
448,1,449
449,1,450
450,1,451
451,3,452
452,3,453
453,3,454
454,3,455
455,3,456
456,3,457
457,3,458
458,3,459
459,5,460
460,5,461
461,5,462
462,5,463
463,5,464
464,5,465
465,5,466
466,5,467
467,5,468
468,5,469
469,5,470
470,5,471
471,5,472
472,5,473
473,5,474
474,5,475
475,5,476
476,5,477
477,1,478
478,1,479
479,1,480
480,1,481
481,1,482
482,1,483
483,1,484
484,5,485
485,5,486
486,1,487
487,1,488
488,1,489
489,1,490
490,1,491
491,1,492
492,1,493
493,1,494
494,2,495
495,5,496
496,5,497
497,2,498
498,2,499
499,2,500
500,2,501
501,5,502
502,5,503
503,5,504
504,3,505
505,5,506
506,5,507
507,5,508
508,5,509
509,5,510
510,5,511
511,3,512
512,5,513
513,5,514
514,5,515
515,5,516
516,5,517
517,5,518
518,3,519
519,3,520
520,3,521
521,3,522
522,3,523
523,3,524
524,3,525
525,3,526
526,3,527
527,3,528
528,3,529
529,3,530
530,3,531
531,1,532
532,1,533
533,3,534
534,3,535
535,3,536
536,5,537
537,5,538
538,5,539
539,5,540
540,5,541
541,5,542
542,3,543
543,3,544
544,3,545
545,3,546
546,3,547
547,3,548
548,5,549
549,3,550
550,3,551
551,3,552
552,3,553
553,3,554
554,3,555
555,3,556
556,3,557
557,3,558
558,3,559
559,3,560
560,3,561
561,5,562
562,3,563
563,3,564
564,5,565
565,3,566
566,5,567
567,5,568
568,3,569
569,5,570
570,5,571
571,5,572
572,1,573
573,1,574
574,1,575
575,5,576
576,3,577
577,1,578
578,5,579
579,5,580
580,4,581
581,3,582
582,1,583
583,3,584
584,1,585
585,1,586
586,3,587
587,3,588
588,3,589
589,4,590
590,4,591
591,4,592
592,1,593
593,1,594
594,1,595
595,4,596
596,4,597
597,4,598
598,2,599
599,2,600
600,2,601
601,2,602
602,2,603
603,2,604
604,2,605
605,1,606
606,4,607
607,4,608
608,5,609
609,4,610
610,5,611
611,3,612
612,5,613
613,1,614
614,4,615
615,3,616
616,3,617
617,4,618
618,3,619
619,3,620
620,3,621
621,4,622
622,3,623
623,3,624
624,1,625
625,1,626
626,3,627
627,1,628
628,1,629
629,2,630
630,2,631
631,2,632
632,2,633
633,3,634
634,4,635
635,4,636
636,5,637
637,5,638
638,1,639
639,1,640
640,5,641
641,1,642
642,5,643
643,5,644
644,1,645
645,1,646
646,1,647
647,5,648
648,4,649
649,4,650
650,4,651
651,5,652
652,5,653
653,3,654
654,1,655
655,1,656
656,1,657
657,3,658
658,3,659
659,1,660
660,5,661
661,2,662
662,5,663
663,5,664
664,1,665
665,1,666
666,1,667
667,4,668
668,4,669
669,3,670
670,1,671
671,1,672
672,3,673
673,1,674
674,1,675
675,4,676
676,3,677
677,1,678
678,4,679
679,3,680
680,1,681
681,1,682
682,3,683
683,2,684
684,4,685
685,3,686
686,3,687
687,4,688
688,2,689
689,3,690
690,5,691
691,3,692
692,4,693
693,5,694
694,3,695
695,4,696
696,4,697
697,1,698
698,2,699
699,5,700
700,3,701
701,2,702
702,1,703
703,4,704
704,5,705
705,4,706
706,1,707
707,5,708
708,1,709
709,5,710
710,5,711
711,4,712
712,4,713
713,4,714
714,5,715
715,5,716
716,1,717
717,3,718
718,3,719
719,3,720
720,5,721
721,5,722
722,5,723
723,4,724
724,1,725
725,4,726
726,2,727
727,4,728
728,3,729
729,5,730
730,4,731
731,3,732
732,1,733
733,1,734
734,3,735
735,2,736
736,2,737
737,2,738
738,3,739
739,3,740
740,3,741
741,3,742
742,3,743
743,3,744
744,3,745
745,4,746
746,4,747
747,4,748
748,3,749
749,5,750
750,5,751
751,5,752
752,5,753
753,5,754
754,5,755
755,5,756
756,5,757
757,3,758
758,3,759
759,3,760
760,1,761
761,1,762
762,4,763
763,5,764
764,1,765
765,5,766
766,5,767
767,5,768
768,5,769
769,5,770
770,5,771
771,5,772
772,5,773
773,5,774
774,5,775
775,3,776
776,5,777
777,5,778
778,5,779
779,5,780
780,5,781
781,5,782
782,5,783
783,3,784
784,3,785
785,3,786
786,3,787
787,3,788
788,3,789
789,3,790
790,1,791
791,1,792
792,1,793
793,1,794
794,1,795
795,1,796
796,1,797
797,5,798
798,5,799
799,5,800
800,5,801
801,5,802
802,5,803
803,5,804
804,1,805
805,1,806
806,3,807
807,3,808
808,3,809
809,3,810
810,3,811
811,3,812
812,3,813
813,3,814
814,3,815
815,3,816
816,3,817
817,3,818
818,3,819
819,3,820
820,3,821
821,3,822
822,3,823
823,3,824
824,3,825
825,3,826
826,3,827
827,3,828
828,2,829
829,2,830
830,2,831
831,2,832
832,2,833
833,2,834
834,2,835
835,1,836
836,1,837
837,1,838
838,1,839
839,1,840
840,1,841
841,1,842
842,1,843
843,1,844
844,1,845
845,1,846
846,4,847
847,4,848
848,4,849
849,4,850
850,4,851
851,4,852
852,4,853
853,4,854
854,2,855
855,3,856
856,3,857
857,3,858
858,3,859
859,3,860
860,3,861
861,3,862
862,3,863
863,3,864
864,3,865
865,1,866
866,1,867
867,1,868
868,1,869
869,1,870
870,1,871
871,2,872
872,2,873
873,2,874
874,2,875
875,2,876
876,2,877
877,2,878
878,2,879
879,2,880
880,2,881
881,2,882
882,2,883
883,2,884
884,2,885
885,2,886
886,2,887
887,2,888
888,5,889
889,1,890
890,1,891
891,4,892
892,1,893
893,1,894
894,1,895
895,1,896
896,1,897
897,1,898
898,5,899
899,5,900
900,5,901
901,5,902
902,3,903
903,3,904
904,1,905
905,1,906
906,5,907
907,5,908
908,1,909
909,1,910
910,1,911
911,4,912
912,5,913
913,5,914
914,5,915
915,5,916
916,1,917
917,1,918
918,5,919
919,1,920
920,4,921
921,2,922
922,4,923
0,1,924
1,1,925
2,1,926
3,1,927
4,1,928
5,1,929
6,1,930
7,1,931
8,1,932
9,1,933
10,1,934
11,1,935
12,1,936
13,1,937
14,1,938
15,1,939
16,1,940
17,1,941
18,1,942
19,1,943
20,1,944
21,1,945
22,1,946
23,1,947
24,1,948
25,1,949
26,1,950
27,1,951
28,1,952
29,1,953
30,1,954
31,1,955
32,1,956
33,1,957
34,1,958
35,1,959
36,1,960
37,1,961
38,1,962
39,1,963
40,1,964
41,1,965
42,1,966
43,1,967
44,1,968
45,1,969
46,1,970
47,1,971
48,1,972
49,1,973
50,1,974
51,1,975
52,1,976
53,1,977
54,1,978
55,1,979
56,1,980
57,1,981
58,1,982
59,1,983
60,1,984
61,1,985
62,1,986
63,1,987
64,1,988
65,1,989
66,1,990
67,1,991
68,1,992
69,1,993
70,1,994
71,1,995
72,1,996
73,1,997
74,1,998
75,1,999
76,1,1000
77,1,1001
78,1,1002
79,1,1003
80,1,1004
81,1,1005
82,1,1006
83,1,1007
84,1,1008
85,1,1009
86,1,1010
87,1,1011
88,1,1012
89,1,1013
90,1,1014
91,1,1015
92,1,1016
93,1,1017
94,1,1018
95,1,1019
96,2,1020
97,2,1021
98,2,1022
99,2,1023
100,2,1024
101,2,1025
102,2,1026
103,2,1027
104,2,1028
105,2,1029
106,2,1030
107,2,1031
108,2,1032
109,2,1033
110,2,1034
111,2,1035
112,2,1036
113,2,1037
114,2,1038
115,2,1039
116,2,1040
117,2,1041
118,2,1042
119,2,1043
120,2,1044
121,2,1045
122,2,1046
123,2,1047
124,2,1048
125,2,1049
126,2,1050
127,2,1051
128,2,1052
129,2,1053
130,2,1054
131,2,1055
132,2,1056
133,2,1057
134,2,1058
135,2,1059
136,2,1060
137,2,1061
138,2,1062
139,2,1063
140,2,1064
141,2,1065
142,2,1066
143,2,1067
144,2,1068
145,2,1069
146,2,1070
147,2,1071
148,2,1072
149,3,1073
150,3,1074
151,3,1075
152,3,1076
153,3,1077
154,3,1078
155,3,1079
156,3,1080
157,3,1081
158,3,1082
159,3,1083
160,3,1084
161,3,1085
162,3,1086
163,3,1087
164,3,1088
165,3,1089
166,3,1090
167,3,1091
168,3,1092
169,3,1093
170,3,1094
171,3,1095
172,3,1096
173,3,1097
174,3,1098
175,3,1099
176,3,1100
177,3,1101
178,3,1102
179,3,1103
180,3,1104
181,3,1105
182,3,1106
183,3,1107
184,3,1108
185,3,1109
186,3,1110
187,3,1111
188,3,1112
189,3,1113
190,3,1114
191,3,1115
192,3,1116
193,3,1117
194,3,1118
195,3,1119
196,3,1120
197,1,1121
198,3,1122
199,3,1123
200,3,1124
201,3,1125
202,3,1126
203,3,1127
204,3,1128
205,3,1129
206,3,1130
207,3,1131
208,3,1132
209,3,1133
210,3,1134
211,3,1135
212,3,1136
213,3,1137
214,3,1138
215,3,1139
216,3,1140
217,3,1141
218,3,1142
219,3,1143
220,3,1144
221,3,1145
222,3,1146
223,3,1147
224,2,1148
225,2,1149
226,2,1150
227,3,1151
228,3,1152
229,3,1153
230,3,1154
231,3,1155
232,2,1156
233,2,1157
234,2,1158
235,2,1159
236,2,1160
237,2,1161
238,2,1162
239,2,1163
240,1,1164
241,1,1165
242,1,1166
243,1,1167
244,1,1168
245,1,1169
246,1,1170
247,1,1171
248,1,1172
249,1,1173
250,1,1174
251,3,1175
252,1,1176
253,1,1177
254,1,1178
255,4,1179
256,4,1180
257,4,1181
258,4,1182
259,4,1183
260,4,1184
261,4,1185
262,4,1186
263,4,1187
264,4,1188
265,4,1189
266,4,1190
0,None,1191
1,None,1192
2,None,1193
3,None,1194
4,None,1195
5,None,1196
6,None,1197
7,None,1198
8,None,1199
9,None,1200
10,None,1201
11,None,1202
12,None,1203
13,None,1204
14,None,1205
15,None,1206
16,None,1207
17,None,1208
18,None,1209
19,None,1210
20,None,1211
21,None,1212
22,None,1213
23,None,1214
24,None,1215
25,None,1216
26,None,1217
27,None,1218
28,None,1219
29,None,1220
30,None,1221
31,None,1222
32,None,1223
33,None,1224
34,None,1225
35,None,1226
36,None,1227
37,None,1228
38,None,1229
39,None,1230
40,None,1231
41,None,1232
42,None,1233
43,None,1234
44,None,1235
45,None,1236
46,None,1237
47,None,1238
48,None,1239
49,None,1240
50,None,1241
51,None,1242
52,None,1243
53,None,1244
54,None,1245
55,None,1246
56,None,1247
57,None,1248
58,None,1249
59,None,1250
60,None,1251
61,None,1252
62,None,1253
63,None,1254
64,None,1255
65,None,1256
66,None,1257
67,None,1258
68,None,1259
69,None,1260
70,None,1261
71,3,1262
72,None,1263
73,None,1264
74,None,1265
75,None,1266
76,None,1267
77,None,1268
78,None,1269
79,None,1270
80,None,1271
81,None,1272
82,None,1273
83,None,1274
84,None,1275
85,None,1276
86,None,1277
87,None,1278
88,None,1279
89,None,1280
90,None,1281
91,None,1282
92,None,1283
93,None,1284
94,None,1285
95,None,1286
96,None,1287
97,None,1288
98,None,1289
99,None,1290
100,None,1291
101,None,1292
102,None,1293
103,None,1294
104,None,1295
105,None,1296
106,None,1297
107,None,1298
108,None,1299
109,None,1300
110,None,1301
111,None,1302
112,None,1303
113,None,1304
114,None,1305
115,None,1306
116,None,1307
117,None,1308
118,None,1309
119,2,1310
120,None,1311
121,None,1312
122,None,1313
123,None,1314
124,None,1315
125,None,1316
126,None,1317
127,None,1318
128,None,1319
129,None,1320
130,None,1321
131,None,1322
132,None,1323
133,None,1324
134,None,1325
135,None,1326
136,None,1327
137,2,1328
138,None,1329
139,None,1330
140,None,1331
141,None,1332
142,1,1333
143,None,1334
144,None,1335
145,None,1336
146,None,1337
147,None,1338
148,None,1339
149,None,1340
150,None,1341
151,None,1342
152,None,1343
153,None,1344
154,None,1345
155,None,1346
156,None,1347
157,None,1348
158,None,1349
159,None,1350
160,2,1351
161,None,1352
162,None,1353
163,None,1354
164,None,1355
165,None,1356
166,None,1357
167,None,1358
168,None,1359
169,None,1360
170,None,1361
171,3,1362
172,None,1363
173,None,1364
174,None,1365
175,None,1366
176,None,1367
177,None,1368
178,None,1369
179,None,1370
180,None,1371
181,None,1372
182,None,1373
183,None,1374
184,None,1375
185,None,1376
186,None,1377
187,None,1378
188,3,1379
189,None,1380
190,None,1381
191,None,1382
192,None,1383
193,None,1384
194,None,1385
195,None,1386
196,None,1387
197,None,1388
198,2,1389
199,None,1390
200,None,1391
201,None,1392
202,None,1393
203,None,1394
204,None,1395
205,None,1396
206,None,1397
207,None,1398
208,None,1399
209,1,1400
210,None,1401
211,None,1402
212,None,1403
213,None,1404
214,None,1405
215,None,1406
216,None,1407
217,None,1408
218,None,1409
219,None,1410
220,None,1411
221,None,1412
222,None,1413
223,None,1414
224,None,1415
225,None,1416
226,None,1417
227,None,1418
228,None,1419
229,None,1420
230,None,1421
231,None,1422
232,None,1423
233,None,1424
234,None,1425
235,4,1426
236,None,1427
237,None,1428
238,None,1429
239,None,1430
240,None,1431
241,None,1432
242,None,1433
243,None,1434
244,None,1435
245,None,1436
246,None,1437
247,None,1438
248,None,1439
249,None,1440
250,None,1441
251,None,1442
252,None,1443
253,None,1444
254,None,1445
255,None,1446
256,None,1447
257,None,1448
258,None,1449
259,None,1450
260,None,1451
261,None,1452
262,None,1453
263,None,1454
264,None,1455
265,1,1456
266,None,1457
267,None,1458
268,None,1459
269,None,1460
270,None,1461
271,None,1462
272,None,1463
273,None,1464
274,None,1465
275,None,1466
276,None,1467
277,None,1468
278,None,1469
279,None,1470
280,None,1471
281,None,1472
282,None,1473
283,None,1474
284,None,1475
285,None,1476
286,None,1477
287,None,1478
288,None,1479
289,None,1480
290,None,1481
291,None,1482
292,None,1483
293,None,1484
294,None,1485
295,None,1486
296,None,1487
297,None,1488
298,None,1489
299,None,1490
300,None,1491
301,None,1492
302,None,1493
303,None,1494
304,None,1495
305,None,1496
306,None,1497
307,None,1498
308,None,1499
309,None,1500
310,None,1501
311,None,1502
312,None,1503
313,None,1504
314,None,1505
315,None,1506
316,None,1507
317,None,1508
318,None,1509
319,None,1510
320,None,1511
321,None,1512
322,None,1513
323,None,1514
324,None,1515
325,None,1516
326,None,1517
327,None,1518
328,None,1519
329,None,1520
330,None,1521
331,None,1522
332,None,1523
333,None,1524
334,None,1525
335,None,1526
336,None,1527
337,None,1528
338,None,1529
339,None,1530
340,None,1531
341,None,1532
342,None,1533
343,None,1534
344,None,1535
345,None,1536
346,None,1537
347,None,1538
348,None,1539
349,None,1540
350,None,1541
351,None,1542
352,None,1543
353,None,1544
354,None,1545
355,None,1546
356,None,1547
357,None,1548
358,None,1549
359,None,1550
360,None,1551
361,None,1552
362,None,1553
363,None,1554
364,None,1555
365,None,1556
366,None,1557
367,None,1558
368,None,1559
369,None,1560
370,None,1561
371,None,1562
372,None,1563
373,None,1564
374,None,1565
375,None,1566
376,None,1567
377,None,1568
378,None,1569
379,None,1570
380,None,1571
381,None,1572
382,None,1573
383,None,1574
384,None,1575
385,None,1576
386,None,1577
387,None,1578
388,None,1579
389,None,1580
390,None,1581
391,None,1582
392,None,1583
393,None,1584
394,None,1585
395,None,1586
396,None,1587
397,None,1588
398,None,1589
399,None,1590
400,None,1591
401,None,1592
402,None,1593
403,None,1594
404,None,1595
405,None,1596
406,None,1597
407,None,1598
408,None,1599
409,None,1600
410,None,1601
411,None,1602
412,None,1603
413,None,1604
414,None,1605
415,None,1606
416,None,1607
417,None,1608
418,None,1609
419,1,1610
420,3,1611
421,None,1612
422,None,1613
423,None,1614
424,None,1615
425,None,1616
426,None,1617
427,None,1618
428,None,1619
429,None,1620
430,None,1621
431,None,1622
432,None,1623
433,None,1624
434,None,1625
435,None,1626
436,None,1627
437,None,1628
438,None,1629
439,None,1630
440,None,1631
441,None,1632
442,None,1633
443,None,1634
444,None,1635
445,None,1636
446,None,1637
447,None,1638
448,None,1639
449,None,1640
450,None,1641
451,None,1642
452,None,1643
453,None,1644
454,None,1645
455,None,1646
456,None,1647
457,None,1648
458,3,1649
459,None,1650
460,None,1651
461,None,1652
462,None,1653
463,None,1654
464,None,1655
465,None,1656
466,None,1657
467,None,1658
468,None,1659
469,None,1660
470,None,1661
471,None,1662
472,None,1663
473,None,1664
474,None,1665
475,None,1666
476,None,1667
477,None,1668
478,None,1669
479,None,1670
480,None,1671
481,None,1672
482,None,1673
483,None,1674
484,None,1675
485,None,1676
486,None,1677
487,None,1678
488,None,1679
489,None,1680
490,None,1681
491,None,1682
492,None,1683
493,None,1684
494,None,1685
495,None,1686
496,None,1687
497,None,1688
498,None,1689
499,None,1690
500,None,1691
501,None,1692
502,None,1693
503,None,1694
504,None,1695
505,None,1696
506,4,1697
507,None,1698
508,None,1699
509,None,1700
510,None,1701
511,None,1702
512,None,1703
513,None,1704
514,None,1705
515,4,1706
516,None,1707
517,None,1708
518,None,1709
519,None,1710
520,None,1711
521,None,1712
522,None,1713
523,None,1714
524,None,1715
525,4,1716
526,None,1717
527,None,1718
528,None,1719
529,None,1720
530,None,1721
531,None,1722
532,None,1723
533,None,1724
534,None,1725
535,None,1726
536,None,1727
537,None,1728
538,4,1729
539,None,1730
540,None,1731
541,None,1732
542,None,1733
543,None,1734
544,None,1735
545,None,1736
546,None,1737
547,None,1738
548,None,1739
549,None,1740
550,None,1741
551,None,1742
552,None,1743
553,None,1744
554,None,1745
555,None,1746
556,None,1747
557,None,1748
558,None,1749
559,None,1750
560,2,1751
561,None,1752
562,None,1753
563,None,1754
564,None,1755
565,None,1756
566,None,1757
567,3,1758
568,None,1759
569,None,1760
570,None,1761
571,None,1762
572,None,1763
573,3,1764
574,None,1765
575,None,1766
576,None,1767
577,None,1768
578,None,1769
579,None,1770
580,None,1771
581,None,1772
582,None,1773
583,None,1774
584,None,1775
585,None,1776
586,None,1777
587,None,1778
588,4,1779
589,None,1780
590,None,1781
591,None,1782
592,None,1783
593,None,1784
594,None,1785
595,None,1786
596,None,1787
597,None,1788
598,None,1789
599,None,1790
600,None,1791
601,None,1792
602,None,1793
603,None,1794
604,1,1795
605,1,1796
606,3,1797
607,None,1798
608,None,1799
609,None,1800
610,4,1801
611,None,1802
612,None,1803
613,None,1804
614,None,1805
615,None,1806
616,None,1807
617,None,1808
618,None,1809
619,None,1810
620,None,1811
621,None,1812
622,None,1813
623,None,1814
624,None,1815
625,None,1816
626,None,1817
627,None,1818
628,None,1819
629,None,1820
630,None,1821
631,None,1822
632,None,1823
633,None,1824
634,None,1825
635,None,1826
636,None,1827
637,None,1828
638,1,1829
639,None,1830
640,None,1831
641,None,1832
642,None,1833
643,None,1834
644,None,1835
645,None,1836
646,None,1837
647,None,1838
648,None,1839
649,None,1840
650,None,1841
651,None,1842
652,None,1843
653,None,1844
654,None,1845
655,None,1846
656,None,1847
657,None,1848
658,None,1849
659,None,1850
660,2,1851
661,None,1852
662,None,1853
663,None,1854
664,None,1855
665,None,1856
666,None,1857
667,None,1858
668,None,1859
669,None,1860
670,None,1861
671,None,1862
672,None,1863
673,None,1864
674,None,1865
675,None,1866
676,None,1867
677,None,1868
678,None,1869
679,None,1870
680,3,1871
681,None,1872
682,None,1873
683,None,1874
684,None,1875
685,None,1876
686,None,1877
687,None,1878
688,None,1879
689,None,1880
690,None,1881
691,None,1882
692,None,1883
693,None,1884
694,None,1885
695,None,1886
696,None,1887
697,2,1888
698,None,1889
699,2,1890
700,None,1891
701,None,1892
702,None,1893
703,2,1894
704,None,1895
705,None,1896
706,None,1897
707,None,1898
708,None,1899
709,None,1900
710,None,1901
711,None,1902
712,None,1903
713,None,1904
714,None,1905
715,None,1906
716,None,1907
717,None,1908
718,None,1909
719,None,1910
720,None,1911
721,None,1912
722,None,1913
723,None,1914
724,None,1915
725,None,1916
726,None,1917
727,None,1918
728,None,1919
729,None,1920
730,None,1921
731,None,1922
732,None,1923
733,None,1924
734,None,1925
735,None,1926
736,None,1927
737,None,1928
738,None,1929
739,None,1930
740,None,1931
741,None,1932
742,None,1933
743,None,1934
744,None,1935
745,None,1936
746,None,1937
747,None,1938
748,2,1939
749,None,1940
750,None,1941
751,None,1942
752,None,1943
753,None,1944
754,None,1945
755,4,1946
756,None,1947
757,None,1948
758,None,1949
759,None,1950
760,None,1951
761,None,1952
762,None,1953
763,None,1954
764,None,1955
765,None,1956
766,None,1957
767,None,1958
768,None,1959
769,None,1960
770,None,1961
771,None,1962
772,1,1963
773,None,1964
774,None,1965
775,None,1966
776,None,1967
777,1,1968
778,None,1969
779,None,1970
780,None,1971
781,None,1972
782,None,1973
783,None,1974
784,None,1975
785,None,1976
786,None,1977
787,None,1978
788,None,1979
789,None,1980
790,None,1981
791,None,1982
792,None,1983
793,None,1984
794,None,1985
795,None,1986
796,None,1987
797,None,1988
798,None,1989
799,None,1990
800,None,1991
801,None,1992
802,None,1993
803,None,1994
804,None,1995
805,None,1996
806,None,1997
807,None,1998
808,None,1999
809,None,2000
810,None,2001
811,None,2002
812,None,2003
813,None,2004
814,None,2005
815,1,2006
816,None,2007
817,None,2008
818,None,2009
819,None,2010
820,3,2011
821,1,2012
822,None,2013
823,None,2014
824,None,2015
825,None,2016
826,1,2017
827,None,2018
828,4,2019
829,None,2020
830,None,2021
831,None,2022
832,None,2023
833,None,2024
834,3,2025
835,None,2026
836,None,2027
837,None,2028
838,None,2029
839,None,2030
840,None,2031
841,None,2032
842,None,2033
843,None,2034
844,None,2035
845,None,2036
846,None,2037
847,None,2038
848,None,2039
849,None,2040
850,None,2041
851,None,2042
852,None,2043
853,None,2044
854,None,2045
855,None,2046
856,None,2047
857,None,2048
858,None,2049
859,None,2050
860,None,2051
861,None,2052
862,None,2053
863,None,2054
864,None,2055
865,None,2056
866,None,2057
867,None,2058
868,3,2059
869,None,2060
870,1,2061
871,None,2062
872,None,2063
873,None,2064
874,None,2065
875,None,2066
876,None,2067
877,None,2068
878,None,2069
879,None,2070
880,None,2071
881,None,2072
882,None,2073
883,None,2074
884,4,2075
885,None,2076
886,None,2077
887,None,2078
888,None,2079
889,None,2080
890,None,2081
891,None,2082
892,None,2083
893,None,2084
894,None,2085
895,None,2086
896,None,2087
897,None,2088
898,None,2089
899,None,2090
900,None,2091
901,None,2092
902,None,2093
903,None,2094
904,None,2095
905,2,2096
906,None,2097
907,None,2098
908,None,2099
909,2,2100
910,None,2101
911,None,2102
912,None,2103
913,None,2104
914,None,2105
915,None,2106
916,None,2107
917,5,2108
918,None,2109
919,None,2110
920,None,2111
921,None,2112
922,None,2113
923,None,2114
924,None,2115
925,None,2116
926,None,2117
927,None,2118
928,None,2119
929,None,2120
930,None,2121
931,1,2122
932,None,2123
933,None,2124
934,None,2125
935,None,2126
936,None,2127
937,None,2128
938,None,2129
939,None,2130
940,None,2131
941,None,2132
942,None,2133
943,None,2134
944,None,2135
945,None,2136
946,None,2137
947,None,2138
948,None,2139
949,None,2140
950,None,2141
951,None,2142
952,None,2143
953,None,2144
954,None,2145
955,None,2146
956,None,2147
957,None,2148
958,1,2149
959,None,2150
960,None,2151
961,5,2152
962,None,2153
963,None,2154
964,None,2155
965,None,2156
966,None,2157
967,None,2158
968,None,2159
969,None,2160
970,None,2161
971,None,2162
972,None,2163
973,None,2164
974,None,2165
975,None,2166
976,None,2167
977,None,2168
978,None,2169
979,None,2170
980,None,2171
981,None,2172
982,None,2173
983,None,2174
984,None,2175
985,None,2176
986,None,2177
987,None,2178
988,None,2179
989,None,2180
990,1,2181
991,None,2182
992,None,2183
993,2,2184
994,None,2185
995,None,2186
996,None,2187
997,None,2188
998,None,2189
999,None,2190
1000,None,2191
1001,None,2192
1002,None,2193
1003,None,2194
1004,None,2195
1005,None,2196
1006,None,2197
1007,None,2198
1008,None,2199
1009,None,2200
1010,None,2201
1011,None,2202
1012,None,2203
1013,None,2204
1014,None,2205
1015,None,2206
1016,None,2207
1017,None,2208
1018,None,2209
1019,None,2210
1020,None,2211
1021,None,2212
1022,None,2213
1023,None,2214
1024,None,2215
1025,None,2216
1026,None,2217
1027,None,2218
1028,None,2219
1029,None,2220
1030,None,2221
1031,None,2222
1032,None,2223
1033,None,2224
1034,None,2225
1035,None,2226
1036,None,2227
1037,None,2228
1038,None,2229
1039,None,2230
1040,None,2231
1041,None,2232
1042,None,2233
1043,None,2234
1044,None,2235
1045,None,2236
1046,None,2237
1047,None,2238
1048,None,2239
1049,None,2240
1050,None,2241
1051,None,2242
1052,None,2243
1053,None,2244
1054,None,2245
1055,None,2246
1056,None,2247
1057,None,2248
1058,None,2249
1059,None,2250
1060,None,2251
1061,None,2252
1062,None,2253
1063,None,2254
1064,None,2255
1065,None,2256
1066,None,2257
1067,None,2258
1068,None,2259
1069,None,2260
1070,None,2261
1071,None,2262
1072,None,2263
1073,1,2264
1074,None,2265
1075,None,2266
1076,None,2267
1077,None,2268
1078,None,2269
1079,None,2270
1080,None,2271
1081,None,2272
1082,None,2273
1083,None,2274
1084,None,2275
1085,None,2276
1086,None,2277
1087,None,2278
1088,None,2279
1089,None,2280
1090,None,2281
1091,None,2282
1092,3,2283
1093,None,2284
1094,None,2285
1095,None,2286
1096,2,2287
1097,None,2288
1098,5,2289
1099,None,2290
1100,None,2291
1101,None,2292
1102,None,2293
1103,None,2294
1104,None,2295
1105,None,2296
1106,None,2297
1107,None,2298
1108,None,2299
1109,None,2300
1110,None,2301
1111,None,2302
1112,None,2303
1113,None,2304
1114,None,2305
1115,None,2306
1116,None,2307
1117,None,2308
1118,None,2309
1119,None,2310
1120,None,2311
1121,None,2312
1122,None,2313
1123,None,2314
1124,None,2315
1125,None,2316
1126,None,2317
1127,None,2318
1128,None,2319
1129,None,2320
1130,None,2321
1131,None,2322
1132,None,2323
1133,None,2324
1134,None,2325
1135,None,2326
1136,None,2327
1137,None,2328
1138,1,2329
1139,None,2330
1140,None,2331
1141,None,2332
1142,None,2333
1143,None,2334
1144,None,2335
1145,None,2336
1146,None,2337
1147,None,2338
1148,None,2339
1149,None,2340
1150,None,2341
1151,None,2342
1152,None,2343
1153,None,2344
1154,None,2345
1155,None,2346
1156,None,2347
1157,None,2348
1158,None,2349
1159,None,2350
1160,None,2351
1161,None,2352
1162,None,2353
1163,None,2354
1164,None,2355
1165,None,2356
1166,None,2357
1167,None,2358
1168,None,2359
1169,None,2360
1170,None,2361
1171,None,2362
1172,None,2363
1173,None,2364
1174,None,2365
1175,None,2366
1176,None,2367
1177,None,2368
1178,None,2369
1179,None,2370
1180,None,2371
1181,1,2372
1182,None,2373
1183,None,2374
1184,2,2375
1185,None,2376
1186,2,2377
1187,None,2378
1188,None,2379
1189,None,2380
1190,None,2381
1191,None,2382
1192,2,2383
1193,2,2384
1194,None,2385
1195,2,2386
1196,2,2387
1197,None,2388
1198,None,2389
1199,None,2390
1200,None,2391
1201,None,2392
1202,None,2393
1203,None,2394
1204,None,2395
1205,None,2396
1206,None,2397
1207,None,2398
1208,None,2399
1209,None,2400
1210,None,2401
1211,None,2402
1212,None,2403
1213,None,2404
1214,None,2405
1215,None,2406
1216,None,2407
1217,None,2408
1218,None,2409
1219,None,2410
1220,None,2411
1221,None,2412
1222,None,2413
1223,None,2414
1224,None,2415
1225,None,2416
1226,None,2417
1227,None,2418
1228,None,2419
1229,None,2420
1230,None,2421
1231,None,2422
1232,None,2423
1233,None,2424
1234,None,2425
1235,None,2426
1236,None,2427
1237,2,2428
1238,2,2429
1239,2,2430
1240,2,2431
1241,None,2432
1242,None,2433
1243,None,2434
1244,None,2435
1245,None,2436
1246,2,2437
1247,2,2438
1248,2,2439
1249,2,2440
1250,2,2441
1251,2,2442
1252,None,2443
1253,3,2444
1254,1,2445
1255,3,2446
1256,1,2447
1257,1,2448
1258,4,2449
1259,None,2450
1260,None,2451
1261,4,2452
1262,None,2453
1263,None,2454
1264,None,2455
1265,4,2456
1266,4,2457
1267,None,2458
1268,None,2459
1269,None,2460
1270,None,2461
1271,None,2462
1272,3,2463
1273,3,2464
1274,None,2465
1275,3,2466
1276,3,2467
1277,3,2468
1278,3,2469
1279,3,2470
1280,None,2471
1281,3,2472
1282,None,2473
1283,None,2474
1284,None,2475
1285,None,2476
1286,1,2477
1287,1,2478
1288,1,2479
1289,1,2480
1290,None,2481
1291,3,2482
1292,None,2483
1293,1,2484
1294,2,2485
1295,None,2486
1296,2,2487
1297,5,2488
0,1,2489
1,4,2490
2,4,2491
3,4,2492
4,4,2493
5,4,2494
6,2,2495
7,4,2496
8,3,2497
9,4,2498
10,4,2499
11,4,2500
12,2,2501
13,4,2502
14,4,2503
15,4,2504
16,2,2505
17,4,2506
18,4,2507
19,2,2508
20,4,2509
21,2,2510
22,1,2511
23,2,2512
24,4,2513
25,2,2514
26,1,2515
27,4,2516
28,3,2517
29,2,2518
30,2,2519
31,4,2520
32,4,2521
33,1,2522
34,4,2523
35,4,2524
36,4,2525
37,2,2526
38,2,2527
39,4,2528
40,2,2529
41,4,2530
42,2,2531
43,3,2532
44,3,2533
45,4,2534
46,4,2535
47,2,2536
48,1,2537
49,1,2538
50,3,2539
51,4,2540
52,2,2541
53,2,2542
54,1,2543
55,4,2544
56,4,2545
57,4,2546
58,2,2547
59,4,2548
60,1,2549
61,4,2550
62,2,2551
63,4,2552
64,1,2553
65,4,2554
66,2,2555
67,2,2556
68,2,2557
69,1,2558
70,2,2559
71,3,2560
72,3,2561
0,2,2562
1,2,2563
2,2,2564
3,2,2565
4,2,2566
5,2,2567
6,2,2568
7,2,2569
8,2,2570
9,2,2571
10,3,2572
11,2,2573
12,2,2574
13,3,2575
14,3,2576
15,3,2577
16,3,2578
17,3,2579
18,3,2580
19,3,2581
20,2,2582
21,2,2583
22,2,2584
23,2,2585
24,2,2586
25,2,2587
26,2,2588
27,2,2589
28,2,2590
29,1,2591
30,1,2592
31,1,2593
32,1,2594
33,1,2595
34,2,2596
35,2,2597
36,1,2598
37,1,2599
38,1,2600
39,1,2601
40,1,2602
41,1,2603
42,1,2604
43,1,2605
44,1,2606
45,1,2607
46,1,2608
47,1,2609
48,1,2610
49,1,2611
50,1,2612
51,1,2613
52,2,2614
53,2,2615
54,2,2616
55,2,2617
56,2,2618
57,2,2619
58,2,2620
59,2,2621
60,2,2622
61,2,2623
62,2,2624
63,2,2625
64,2,2626
65,2,2627
66,2,2628
67,2,2629
68,2,2630
69,2,2631
70,2,2632
71,2,2633
72,2,2634
73,2,2635
74,2,2636
75,2,2637
76,2,2638
77,2,2639
78,2,2640
79,2,2641
80,2,2642
81,2,2643
82,2,2644
83,3,2645
84,3,2646
85,3,2647
86,3,2648
87,3,2649
88,3,2650
89,3,2651
90,2,2652
91,2,2653
92,2,2654
93,2,2655
94,3,2656
95,2,2657
96,3,2658
97,3,2659
98,3,2660
99,3,2661
100,3,2662
101,3,2663
102,3,2664
103,2,2665
104,3,2666
105,3,2667
106,3,2668
107,3,2669
108,3,2670
109,3,2671
110,3,2672
111,2,2673
112,3,2674
113,2,2675
114,2,2676
115,2,2677
116,2,2678
117,2,2679
118,2,2680
119,2,2681
120,2,2682
121,2,2683
122,2,2684
123,2,2685
124,2,2686
125,3,2687
126,3,2688
127,3,2689
128,3,2690
129,3,2691
130,1,2692
131,1,2693
132,1,2694
133,1,2695
134,1,2696
135,1,2697
136,1,2698
137,1,2699
138,1,2700
139,1,2701
140,1,2702
141,3,2703
142,3,2704
143,3,2705
144,3,2706
145,1,2707
146,1,2708
147,1,2709
148,1,2710
149,1,2711
150,1,2712
151,1,2713
152,3,2714
153,3,2715
154,3,2716
155,3,2717
156,3,2718
157,3,2719
158,3,2720
159,3,2721
160,3,2722
161,3,2723
162,3,2724
163,3,2725
164,3,2726
165,3,2727
166,3,2728
167,3,2729
168,3,2730
169,3,2731
170,3,2732
171,3,2733
172,3,2734
173,3,2735
174,3,2736
175,3,2737
176,3,2738
177,3,2739
178,3,2740
179,3,2741
180,3,2742
181,3,2743
182,3,2744
183,3,2745
184,3,2746
185,3,2747
186,1,2748
187,1,2749
188,1,2750
189,1,2751
190,1,2752
191,1,2753
192,1,2754
193,1,2755
194,1,2756
195,1,2757
196,1,2758
197,1,2759
198,1,2760
199,1,2761
200,1,2762
201,1,2763
202,1,2764
203,1,2765
204,1,2766
205,1,2767
206,1,2768
207,1,2769
208,1,2770
209,1,2771
210,1,2772
211,1,2773
212,1,2774
213,1,2775
214,1,2776
215,1,2777
216,1,2778
217,1,2779
218,1,2780
219,1,2781
220,1,2782
221,1,2783
222,1,2784
223,1,2785
224,1,2786
225,1,2787
226,1,2788
227,1,2789
228,1,2790
229,1,2791
230,1,2792
231,1,2793
232,1,2794
233,1,2795
234,1,2796
235,1,2797
236,1,2798
237,1,2799
238,1,2800
239,1,2801
240,1,2802
241,1,2803
242,1,2804
243,1,2805
244,1,2806
245,1,2807
246,1,2808
247,1,2809
248,3,2810
249,3,2811
250,3,2812
251,3,2813
252,3,2814
253,3,2815
254,3,2816
255,3,2817
256,2,2818
257,2,2819
258,2,2820
259,2,2821
260,2,2822
261,2,2823
262,2,2824
263,2,2825
264,2,2826
265,2,2827
266,2,2828
267,2,2829
268,2,2830
269,2,2831
270,2,2832
271,2,2833
272,2,2834
273,2,2835
274,2,2836
275,2,2837
276,2,2838
277,2,2839
278,2,2840
279,2,2841
280,2,2842
281,2,2843
282,2,2844
283,2,2845
284,2,2846
285,2,2847
286,2,2848
287,2,2849
288,2,2850
289,2,2851
290,2,2852
291,1,2853
292,1,2854
293,1,2855
294,1,2856
295,1,2857
296,1,2858
297,1,2859
298,1,2860
299,1,2861
300,1,2862
301,1,2863
302,1,2864
303,2,2865
304,2,2866
305,2,2867
306,2,2868
307,2,2869
308,2,2870
309,2,2871
310,2,2872
311,2,2873
312,2,2874
313,2,2875
314,2,2876
315,3,2877
316,3,2878
317,3,2879
318,3,2880
319,2,2881
320,3,2882
321,3,2883
322,3,2884
323,3,2885
324,3,2886
325,3,2887
326,3,2888
327,3,2889
328,3,2890
329,3,2891
330,3,2892
331,3,2893
332,3,2894
333,3,2895
334,3,2896
335,3,2897
336,3,2898
337,3,2899
338,2,2900
339,2,2901
340,2,2902
341,2,2903
